insert into server_updater values('127.0.0.1','');

insert into conferences values('8600000','127.0.0.1','');
insert into conferences values('8600001','127.0.0.1','');
insert into conferences values('8600002','127.0.0.1','');
insert into conferences values('8600003','127.0.0.1','');
insert into conferences values('8600004','127.0.0.1','');
insert into conferences values('8600005','127.0.0.1','');
insert into conferences values('8600006','127.0.0.1','');
insert into conferences values('8600007','127.0.0.1','');
insert into conferences values('8600008','127.0.0.1','');
insert into conferences values('8600009','127.0.0.1','');
insert into conferences values('8600010','127.0.0.1','');
insert into conferences values('8600011','127.0.0.1','');
insert into conferences values('8600012','127.0.0.1','');
insert into conferences values('8600013','127.0.0.1','');
insert into conferences values('8600014','127.0.0.1','');
insert into conferences values('8600015','127.0.0.1','');
insert into conferences values('8600016','127.0.0.1','');
insert into conferences values('8600017','127.0.0.1','');
insert into conferences values('8600018','127.0.0.1','');
insert into conferences values('8600019','127.0.0.1','');
insert into conferences values('8600020','127.0.0.1','');
insert into conferences values('8600021','127.0.0.1','');
insert into conferences values('8600022','127.0.0.1','');
insert into conferences values('8600023','127.0.0.1','');
insert into conferences values('8600024','127.0.0.1','');
insert into conferences values('8600025','127.0.0.1','');
insert into conferences values('8600026','127.0.0.1','');
insert into conferences values('8600027','127.0.0.1','');
insert into conferences values('8600028','127.0.0.1','');
insert into conferences values('8600029','127.0.0.1','');
insert into conferences values('8600030','127.0.0.1','');
insert into conferences values('8600031','127.0.0.1','');
insert into conferences values('8600032','127.0.0.1','');
insert into conferences values('8600033','127.0.0.1','');
insert into conferences values('8600034','127.0.0.1','');
insert into conferences values('8600035','127.0.0.1','');
insert into conferences values('8600036','127.0.0.1','');
insert into conferences values('8600037','127.0.0.1','');
insert into conferences values('8600038','127.0.0.1','');
insert into conferences values('8600039','127.0.0.1','');
insert into conferences values('8600040','127.0.0.1','');
insert into conferences values('8600041','127.0.0.1','');
insert into conferences values('8600042','127.0.0.1','');
insert into conferences values('8600043','127.0.0.1','');
insert into conferences values('8600044','127.0.0.1','');
insert into conferences values('8600045','127.0.0.1','');
insert into conferences values('8600046','127.0.0.1','');
insert into conferences values('8600047','127.0.0.1','');
insert into conferences values('8600048','127.0.0.1','');
insert into conferences values('8600049','127.0.0.1','');

insert into osdial_conferences values('8601000','127.0.0.1','');
insert into osdial_conferences values('8601001','127.0.0.1','');
insert into osdial_conferences values('8601002','127.0.0.1','');
insert into osdial_conferences values('8601003','127.0.0.1','');
insert into osdial_conferences values('8601004','127.0.0.1','');
insert into osdial_conferences values('8601005','127.0.0.1','');
insert into osdial_conferences values('8601006','127.0.0.1','');
insert into osdial_conferences values('8601007','127.0.0.1','');
insert into osdial_conferences values('8601008','127.0.0.1','');
insert into osdial_conferences values('8601009','127.0.0.1','');
insert into osdial_conferences values('8601010','127.0.0.1','');
insert into osdial_conferences values('8601011','127.0.0.1','');
insert into osdial_conferences values('8601012','127.0.0.1','');
insert into osdial_conferences values('8601013','127.0.0.1','');
insert into osdial_conferences values('8601014','127.0.0.1','');
insert into osdial_conferences values('8601015','127.0.0.1','');
insert into osdial_conferences values('8601016','127.0.0.1','');
insert into osdial_conferences values('8601017','127.0.0.1','');
insert into osdial_conferences values('8601018','127.0.0.1','');
insert into osdial_conferences values('8601019','127.0.0.1','');
insert into osdial_conferences values('8601020','127.0.0.1','');
insert into osdial_conferences values('8601021','127.0.0.1','');
insert into osdial_conferences values('8601022','127.0.0.1','');
insert into osdial_conferences values('8601023','127.0.0.1','');
insert into osdial_conferences values('8601024','127.0.0.1','');
insert into osdial_conferences values('8601025','127.0.0.1','');
insert into osdial_conferences values('8601026','127.0.0.1','');
insert into osdial_conferences values('8601027','127.0.0.1','');
insert into osdial_conferences values('8601028','127.0.0.1','');
insert into osdial_conferences values('8601029','127.0.0.1','');
insert into osdial_conferences values('8601030','127.0.0.1','');
insert into osdial_conferences values('8601031','127.0.0.1','');
insert into osdial_conferences values('8601032','127.0.0.1','');
insert into osdial_conferences values('8601033','127.0.0.1','');
insert into osdial_conferences values('8601034','127.0.0.1','');
insert into osdial_conferences values('8601035','127.0.0.1','');
insert into osdial_conferences values('8601036','127.0.0.1','');
insert into osdial_conferences values('8601037','127.0.0.1','');
insert into osdial_conferences values('8601038','127.0.0.1','');
insert into osdial_conferences values('8601039','127.0.0.1','');
insert into osdial_conferences values('8601040','127.0.0.1','');
insert into osdial_conferences values('8601041','127.0.0.1','');
insert into osdial_conferences values('8601042','127.0.0.1','');
insert into osdial_conferences values('8601043','127.0.0.1','');
insert into osdial_conferences values('8601044','127.0.0.1','');
insert into osdial_conferences values('8601045','127.0.0.1','');
insert into osdial_conferences values('8601046','127.0.0.1','');
insert into osdial_conferences values('8601047','127.0.0.1','');
insert into osdial_conferences values('8601048','127.0.0.1','');
insert into osdial_conferences values('8601049','127.0.0.1','');

INSERT INTO osdial_status_categories (vsc_id,vsc_name,tovdad_display) values('UNDEFINED','Default Category','N');
INSERT INTO osdial_status_categories (vsc_id,vsc_name,tovdad_display) values('SYSTEM','System Generated Statuses','Y');
INSERT INTO osdial_status_categories (vsc_id,vsc_name,tovdad_display) values('NOCONTACT','No Contacts','Y');
INSERT INTO osdial_status_categories (vsc_id,vsc_name,tovdad_display) values('CONTACT','Contacts','Y');
INSERT INTO osdial_status_categories (vsc_id,vsc_name,tovdad_display) values('SALE','Sales','Y');

insert into osdial_statuses values('NEW','New Lead','N','N','UNDEFINED');
insert into osdial_statuses values('DROP','Agent Not Available','N','Y','SYSTEM');
insert into osdial_statuses values('XDROP','Inbound Agent Not Available','N','Y','SYSTEM');

insert into osdial_statuses values('QUEUE','Lead To Be Called','N','N','SYSTEM');
insert into osdial_statuses values('INCALL','Lead Being Called','N','Y','SYSTEM');

insert into osdial_statuses values('SALE','Sale Made','Y','Y','SALE');

insert into osdial_statuses values('XFER','Call Transferred','Y','Y','CONTACT');
insert into osdial_statuses values('CALLBK','Call Back','Y','Y','CONTACT');
insert into osdial_statuses values('CBHOLD','Call Back Inprogress','Y','Y','CONTACT');
insert into osdial_statuses values('DEC','Declined Sale','Y','Y','CONTACT');
insert into osdial_statuses values('DNC','DO NOT CALL','Y','Y','CONTACT');
insert into osdial_statuses values('NI','Not Interested','Y','Y','CONTACT');

insert into osdial_statuses values('A','Answering Machine','Y','N','NOCONTACT');
insert into osdial_statuses values('AA','Answering Machine Auto','N','N','NOCONTACT');
insert into osdial_statuses values('AM','Answering Machine Sent to Mesg','N','N','NOCONTACT');
insert into osdial_statuses values('AL','Answering Machine Msg Played','N','N','NOCONTACT');
insert into osdial_statuses values('DC','Disconnected Number','Y','N','NOCONTACT');
insert into osdial_statuses values('N','No Answer','Y','N','NOCONTACT');
insert into osdial_statuses values('NA','No Answer AutoDial','N','N','NOCONTACT');
insert into osdial_statuses values('B','Busy','Y','N','NOCONTACT');

INSERT INTO `osdial_campaigns` VALUES ('TEST','Test Campaign','Y','','','','','','DOWN','8301','park','','Y',20,'0','random','24hours','',60,'9','0000000000','8365','8309','ONDEMAND','FULLDATE_CUSTPHONE','','NONE','8320','N','','','','','N','Y','NONE',5,'Y','8307','Y',0,'Wrapup Call','','Y',0,'N','MANUAL','N',3,'3.0','2100','0',0,'AUTO','NONE',' B N NA DC -','N','Test Campaign',NOW(),'N',NULL,' NEW -','N','Y','DISABLED','Y',999,'---NONE---','','','Y','0','','10','Y','Y','Y','NORMAL','N');
INSERT INTO `osdial_campaign_stats` VALUES ('TEST',NOW(),0,0,0,0,'0','0',0,0,0,'0',0,0,0,'0',0,0,0,'0',0,0,0,'0','0','0',0,NULL,0,NULL,0,NULL,0,NULL,0,0,0,0,0,0,0,0,0,0,0,0,0);

INSERT INTO `osdial_campaign_hotkeys` VALUES ('N','1','No Answer','Y','TEST','');
INSERT INTO `osdial_campaign_hotkeys` VALUES ('A','2','Answering Machine','Y','TEST','');
INSERT INTO `osdial_campaign_hotkeys` VALUES ('NI','3','Not Interested','Y','TEST','');
INSERT INTO `osdial_campaign_hotkeys` VALUES ('CALLBK','4','Call Back','Y','TEST','');
INSERT INTO `osdial_campaign_hotkeys` VALUES ('SALE','5','Sale Made','Y','TEST','');

INSERT INTO `osdial_users` VALUES (1,'admin','admin','Admin',9,'ADMIN','','','1','1','1','1','1','1','1','1','1','1','1','1','0','1','1','','1','1','1','1','1','1','1','1','1','1','1','1','1','1','1','1','1','1','1','1','DISABLED','NOT_ACTIVE','0','0');
INSERT INTO `osdial_users` VALUES (2,'1000','1000','Agent 1000',4,'AGENTS','','','0','0','0','0','0','0','0','0','0','0','0','0','1','0','0','','1','1','1','1','1','0','0','1','0','0','0','0','0','0','0','0','0','0','0','0','DISABLED','NOT_ACTIVE','0','0');
INSERT INTO `osdial_users` VALUES (3,'1001','1001','Agent 1001',4,'AGENTS','','','0','0','0','0','0','0','0','0','0','0','0','0','1','0','0','','1','1','1','1','1','0','0','1','0','0','0','0','0','0','0','0','0','0','0','0','DISABLED','NOT_ACTIVE','0','0');
INSERT INTO `osdial_users` VALUES (4,'1002','1002','Agent 1002',4,'AGENTS','','','0','0','0','0','0','0','0','0','0','0','0','0','1','0','0','','1','1','1','1','1','0','0','1','0','0','0','0','0','0','0','0','0','0','0','0','DISABLED','NOT_ACTIVE','0','0');
INSERT INTO `osdial_users` VALUES (5,'1003','1003','Agent 1003',4,'AGENTS','','','0','0','0','0','0','0','0','0','0','0','0','0','1','0','0','','1','1','1','1','1','0','0','1','0','0','0','0','0','0','0','0','0','0','0','0','DISABLED','NOT_ACTIVE','0','0');
INSERT INTO `osdial_users` VALUES (6,'1004','1004','Agent 1004',4,'AGENTS','','','0','0','0','0','0','0','0','0','0','0','0','0','1','0','0','','1','1','1','1','1','0','0','1','0','0','0','0','0','0','0','0','0','0','0','0','DISABLED','NOT_ACTIVE','0','0');
INSERT INTO `osdial_users` VALUES (7,'1005','1005','Agent 1005',4,'AGENTS','','','0','0','0','0','0','0','0','0','0','0','0','0','1','0','0','','1','1','1','1','1','0','0','1','0','0','0','0','0','0','0','0','0','0','0','0','DISABLED','NOT_ACTIVE','0','0');
INSERT INTO `osdial_users` VALUES (8,'1006','1006','Agent 1006',4,'AGENTS','','','0','0','0','0','0','0','0','0','0','0','0','0','1','0','0','','1','1','1','1','1','0','0','1','0','0','0','0','0','0','0','0','0','0','0','0','DISABLED','NOT_ACTIVE','0','0');
INSERT INTO `osdial_users` VALUES (9,'1007','1007','Agent 1007',4,'AGENTS','','','0','0','0','0','0','0','0','0','0','0','0','0','1','0','0','','1','1','1','1','1','0','0','1','0','0','0','0','0','0','0','0','0','0','0','0','DISABLED','NOT_ACTIVE','0','0');
INSERT INTO `osdial_users` VALUES (10,'1008','1008','Agent 1008',4,'AGENTS','','','0','0','0','0','0','0','0','0','0','0','0','0','1','0','0','','1','1','1','1','1','0','0','1','0','0','0','0','0','0','0','0','0','0','0','0','DISABLED','NOT_ACTIVE','0','0');
INSERT INTO `osdial_users` VALUES (11,'1009','1009','Agent 1009',4,'AGENTS','','','0','0','0','0','0','0','0','0','0','0','0','0','1','0','0','','1','1','1','1','1','0','0','1','0','0','0','0','0','0','0','0','0','0','0','0','DISABLED','NOT_ACTIVE','0','0');

INSERT INTO `phones` VALUES ('1000','1000','1000','','','127.0.0.1','1000','1000','ACTIVE','Y','SIP','Ext 1000','1000','NA',0,0,'SIP','-5.00','cron','1234',NULL,NULL,NULL,'8301','8302','8301','park','8612','8309','8501','85026666666666','default','local/8500998@default','Zap/g2/','/usr/bin/mozilla','/usr/local/perl_TK','http://localhost/test_callerid_output.php','http://localhost/test_osdial_output.php','1','1','1','0','0','1','1','1','1','1','1','1','0',1000,'0','1','1',NULL,'asterisk','cron','1234',3306,NULL,'asterisk','cron','1234',3306,'1000','0');
INSERT INTO `phones` VALUES ('1001','1001','1001','','','127.0.0.1','1001','1001','ACTIVE','Y','SIP','Ext 1001','1001','NA',0,0,'SIP','-5.00','cron','1234',NULL,NULL,NULL,'8301','8302','8301','park','8612','8309','8501','85026666666666','default','local/8500998@default','Zap/g2/','/usr/bin/mozilla','/usr/local/perl_TK','http://localhost/test_callerid_output.php','http://localhost/test_osdial_output.php','1','1','1','0','0','1','1','1','1','1','1','1','0',1000,'0','1','1',NULL,'asterisk','cron','1234',3306,NULL,'asterisk','cron','1234',3306,'1001','0');
INSERT INTO `phones` VALUES ('1002','1002','1002','','','127.0.0.1','1002','1002','ACTIVE','Y','SIP','Ext 1002','1002','NA',0,0,'SIP','-5.00','cron','1234',NULL,NULL,NULL,'8301','8302','8301','park','8612','8309','8501','85026666666666','default','local/8500998@default','Zap/g2/','/usr/bin/mozilla','/usr/local/perl_TK','http://localhost/test_callerid_output.php','http://localhost/test_osdial_output.php','1','1','1','0','0','1','1','1','1','1','1','1','0',1000,'0','1','1',NULL,'asterisk','cron','1234',3306,NULL,'asterisk','cron','1234',3306,'1002','0');
INSERT INTO `phones` VALUES ('1003','1003','1003','','','127.0.0.1','1003','1003','ACTIVE','Y','SIP','Ext 1003','1003','NA',0,0,'SIP','-5.00','cron','1234',NULL,NULL,NULL,'8301','8302','8301','park','8612','8309','8501','85026666666666','default','local/8500998@default','Zap/g2/','/usr/bin/mozilla','/usr/local/perl_TK','http://localhost/test_callerid_output.php','http://localhost/test_osdial_output.php','1','1','1','0','0','1','1','1','1','1','1','1','0',1000,'0','1','1',NULL,'asterisk','cron','1234',3306,NULL,'asterisk','cron','1234',3306,'1003','0');
INSERT INTO `phones` VALUES ('1004','1004','1004','','','127.0.0.1','1004','1004','ACTIVE','Y','SIP','Ext 1004','1004','NA',0,0,'SIP','-5.00','cron','1234',NULL,NULL,NULL,'8301','8302','8301','park','8612','8309','8501','85026666666666','default','local/8500998@default','Zap/g2/','/usr/bin/mozilla','/usr/local/perl_TK','http://localhost/test_callerid_output.php','http://localhost/test_osdial_output.php','1','1','1','0','0','1','1','1','1','1','1','1','0',1000,'0','1','1',NULL,'asterisk','cron','1234',3306,NULL,'asterisk','cron','1234',3306,'1004','0');
INSERT INTO `phones` VALUES ('1005','1005','1005','','','127.0.0.1','1005','1005','ACTIVE','Y','SIP','Ext 1005','1005','NA',0,0,'SIP','-5.00','cron','1234',NULL,NULL,NULL,'8301','8302','8301','park','8612','8309','8501','85026666666666','default','local/8500998@default','Zap/g2/','/usr/bin/mozilla','/usr/local/perl_TK','http://localhost/test_callerid_output.php','http://localhost/test_osdial_output.php','1','1','1','0','0','1','1','1','1','1','1','1','0',1000,'0','1','1',NULL,'asterisk','cron','1234',3306,NULL,'asterisk','cron','1234',3306,'1005','0');
INSERT INTO `phones` VALUES ('1006','1006','1006','','','127.0.0.1','1006','1006','ACTIVE','Y','SIP','Ext 1006','1006','NA',0,0,'SIP','-5.00','cron','1234',NULL,NULL,NULL,'8301','8302','8301','park','8612','8309','8501','85026666666666','default','local/8500998@default','Zap/g2/','/usr/bin/mozilla','/usr/local/perl_TK','http://localhost/test_callerid_output.php','http://localhost/test_osdial_output.php','1','1','1','0','0','1','1','1','1','1','1','1','0',1000,'0','1','1',NULL,'asterisk','cron','1234',3306,NULL,'asterisk','cron','1234',3306,'1006','0');
INSERT INTO `phones` VALUES ('1007','1007','1007','','','127.0.0.1','1007','1007','ACTIVE','Y','SIP','Ext 1007','1007','NA',0,0,'SIP','-5.00','cron','1234',NULL,NULL,NULL,'8301','8302','8301','park','8612','8309','8501','85026666666666','default','local/8500998@default','Zap/g2/','/usr/bin/mozilla','/usr/local/perl_TK','http://localhost/test_callerid_output.php','http://localhost/test_osdial_output.php','1','1','1','0','0','1','1','1','1','1','1','1','0',1000,'0','1','1',NULL,'asterisk','cron','1234',3306,NULL,'asterisk','cron','1234',3306,'1007','0');
INSERT INTO `phones` VALUES ('1008','1008','1008','','','127.0.0.1','1008','1008','ACTIVE','Y','SIP','Ext 1008','1008','NA',0,0,'SIP','-5.00','cron','1234',NULL,NULL,NULL,'8301','8302','8301','park','8612','8309','8501','85026666666666','default','local/8500998@default','Zap/g2/','/usr/bin/mozilla','/usr/local/perl_TK','http://localhost/test_callerid_output.php','http://localhost/test_osdial_output.php','1','1','1','0','0','1','1','1','1','1','1','1','0',1000,'0','1','1',NULL,'asterisk','cron','1234',3306,NULL,'asterisk','cron','1234',3306,'1008','0');
INSERT INTO `phones` VALUES ('1009','1009','1009','','','127.0.0.1','1009','1009','ACTIVE','Y','SIP','Ext 1009','1009','NA',0,0,'SIP','-5.00','cron','1234',NULL,NULL,NULL,'8301','8302','8301','park','8612','8309','8501','85026666666666','default','local/8500998@default','Zap/g2/','/usr/bin/mozilla','/usr/local/perl_TK','http://localhost/test_callerid_output.php','http://localhost/test_osdial_output.php','1','1','1','0','0','1','1','1','1','1','1','1','0',1000,'0','1','1',NULL,'asterisk','cron','1234',3306,NULL,'asterisk','cron','1234',3306,'1009','0');
INSERT INTO `phones` VALUES ('9999','9999','9999','','','127.0.0.1','9999','9999','ACTIVE','Y','Test','Test Phone','9999','NA',0,0,'EXTERNAL','-5.00','cron','1234',NULL,NULL,NULL,'8301','8302','8301','park','8612','8309','8501','85026666666666','default','local/8500998@default','Zap/g2/','/usr/bin/mozilla','/usr/local/perl_TK','http://localhost/test_callerid_output.php','http://localhost/test_osdial_output.php','1','1','1','0','0','1','1','1','1','1','1','1','0',1000,'0','1','1',NULL,'asterisk','cron','1234',3306,NULL,'asterisk','cron','1234',3306,'9999','0');

INSERT INTO `osdial_scripts` VALUES ('TEST','Test Script','Just a quick test','Hello Mr/Mrs \[\[last_name\]\],\r\n\r\nWe are calling you at \[\[phone_number\]\].\r\n\r\nYour address is:\r\n\[\[address1\]\]\r\n\[\[city\]\], \[\[state\]\] \[\[postal_code\]\]\r\n\r\nThank-you','Y');

INSERT INTO `servers` VALUES ('osdial-d1','OSDial Dialer 1','127.0.0.1','Y','1.2.32',96,'localhost',5038,'cron','1234','updatecron','listencron','sendcron','-5','85026666666666','8365','osdial','N','Y','FILE','N',0);

INSERT INTO osdial_lists SET list_id='998',list_name='Default inbound list',campaign_id='TEST',active='N';
INSERT INTO osdial_lists SET list_id='999',list_name='Default manual list',campaign_id='TEST',active='N';

INSERT INTO osdial_user_groups SET user_group='ADMIN',group_name='OSDIAL ADMINISTRATORS',allowed_campaigns=' -ALL-CAMPAIGNS- - -';
INSERT INTO osdial_user_groups SET user_group='AGENTS',group_name='Agent User Group',allowed_campaigns=' -ALL-CAMPAIGNS- - -';

INSERT INTO osdial_call_times SET call_time_id='24hours',call_time_name='default 24 hours calling',ct_default_start='0',ct_default_stop='2400';
INSERT INTO osdial_call_times SET call_time_id='9am-9pm',call_time_name='default 9am to 9pm calling',ct_default_start='900',ct_default_stop='2100';
INSERT INTO osdial_call_times SET call_time_id='9am-5pm',call_time_name='default 9am to 5pm calling',ct_default_start='900',ct_default_stop='1700';
INSERT INTO osdial_call_times SET call_time_id='12pm-5pm',call_time_name='default 12pm to 5pm calling',ct_default_start='1200',ct_default_stop='1700';
INSERT INTO osdial_call_times SET call_time_id='12pm-9pm',call_time_name='default 12pm to 9pm calling',ct_default_start='1200',ct_default_stop='1200';
INSERT INTO osdial_call_times SET call_time_id='5pm-9pm',call_time_name='default 5pm to 9pm calling',ct_default_start='1700',ct_default_stop='2100';

INSERT INTO osdial_state_call_times SET state_call_time_id='alabama',state_call_time_state='AL',state_call_time_name='Alabama 8am-8pm and Sunday',sct_default_start='800',sct_default_stop='2000',sct_sunday_start='2400',sct_sunday_stop='2400';
INSERT INTO osdial_state_call_times SET state_call_time_id='illinois',state_call_time_state='IL',state_call_time_name='Illinois 8am',sct_default_start='800',sct_default_stop='2100';
INSERT INTO osdial_state_call_times SET state_call_time_id='indiana',state_call_time_state='IN',state_call_time_name='Indiana 8pm restriction',sct_default_start='900',sct_default_stop='2000';
INSERT INTO osdial_state_call_times SET state_call_time_id='kentucky',state_call_time_state='KY',state_call_time_name='Kentucky 10am restriction',sct_default_start='1000',sct_default_stop='2100';
INSERT INTO osdial_state_call_times SET state_call_time_id='louisiana',state_call_time_state='LA',state_call_time_name='Louisiana 8am-8pm and Sunday',sct_default_start='800',sct_default_stop='2000',sct_sunday_start='2400',sct_sunday_stop='2400';
INSERT INTO osdial_state_call_times SET state_call_time_id='massachuse',state_call_time_state='MA',state_call_time_name='Massachusetts 8am-8pm',sct_default_start='800',sct_default_stop='2000';
INSERT INTO osdial_state_call_times SET state_call_time_id='mississipp',state_call_time_state='MS',state_call_time_name='Mississippi 8am-8pm and Sunday',sct_default_start='800',sct_default_stop='2000',sct_sunday_start='2400',sct_sunday_stop='2400';
INSERT INTO osdial_state_call_times SET state_call_time_id='nebraska',state_call_time_state='NE',state_call_time_name='Nebraska 8am',sct_default_start='800',sct_default_stop='2100';
INSERT INTO osdial_state_call_times SET state_call_time_id='nevada',state_call_time_state='NV',state_call_time_name='Nevada 8pm restriction',sct_default_start='900',sct_default_stop='2000';
INSERT INTO osdial_state_call_times SET state_call_time_id='pennsylvan',state_call_time_state='PA',state_call_time_name='Pennsylvania sunday restriction',sct_sunday_start='1330',sct_sunday_stop='2100';
INSERT INTO osdial_state_call_times SET state_call_time_id='rhodeislan',state_call_time_state='RI',state_call_time_name='Rhode Island restrictions',sct_default_start='900',sct_default_stop='1800',sct_sunday_start='2400',sct_sunday_stop='2400',sct_saturday_start='1000',sct_saturday_stop='1700';
INSERT INTO osdial_state_call_times SET state_call_time_id='sdakota',state_call_time_state='SD',state_call_time_name='South Dakota sunday restrict',sct_sunday_start='2400',sct_sunday_stop='2400';
INSERT INTO osdial_state_call_times SET state_call_time_id='tennessee',state_call_time_state='TN',state_call_time_name='Tennessee 8am',sct_default_start='800',sct_default_stop='2100';
INSERT INTO osdial_state_call_times SET state_call_time_id='texas',state_call_time_state='TX',state_call_time_name='Texas sunday restriction',sct_sunday_start='1200',sct_sunday_stop='2100';
INSERT INTO osdial_state_call_times SET state_call_time_id='utah',state_call_time_state='UT',state_call_time_name='Utah 8pm restriction',sct_default_start='900',sct_default_stop='2000';
INSERT INTO osdial_state_call_times SET state_call_time_id='washington',state_call_time_state='WA',state_call_time_name='Washington 8am',sct_default_start='800',sct_default_stop='2100';
INSERT INTO osdial_state_call_times SET state_call_time_id='wyoming',state_call_time_state='WY',state_call_time_name='Wyoming 8am-8pm',sct_default_start='800',sct_default_stop='2000';
