insert into server_updater (server_ip,last_update,sql_time) values('127.0.0.1',NOW(),NOW());

insert into conferences (conf_exten,server_ip,extension) values('8600000','127.0.0.1','');
insert into conferences (conf_exten,server_ip,extension) values('8600001','127.0.0.1','');
insert into conferences (conf_exten,server_ip,extension) values('8600002','127.0.0.1','');
insert into conferences (conf_exten,server_ip,extension) values('8600003','127.0.0.1','');
insert into conferences (conf_exten,server_ip,extension) values('8600004','127.0.0.1','');
insert into conferences (conf_exten,server_ip,extension) values('8600005','127.0.0.1','');
insert into conferences (conf_exten,server_ip,extension) values('8600006','127.0.0.1','');
insert into conferences (conf_exten,server_ip,extension) values('8600007','127.0.0.1','');
insert into conferences (conf_exten,server_ip,extension) values('8600008','127.0.0.1','');
insert into conferences (conf_exten,server_ip,extension) values('8600009','127.0.0.1','');
insert into conferences (conf_exten,server_ip,extension) values('8600010','127.0.0.1','');
insert into conferences (conf_exten,server_ip,extension) values('8600011','127.0.0.1','');
insert into conferences (conf_exten,server_ip,extension) values('8600012','127.0.0.1','');
insert into conferences (conf_exten,server_ip,extension) values('8600013','127.0.0.1','');
insert into conferences (conf_exten,server_ip,extension) values('8600014','127.0.0.1','');
insert into conferences (conf_exten,server_ip,extension) values('8600015','127.0.0.1','');
insert into conferences (conf_exten,server_ip,extension) values('8600016','127.0.0.1','');
insert into conferences (conf_exten,server_ip,extension) values('8600017','127.0.0.1','');
insert into conferences (conf_exten,server_ip,extension) values('8600018','127.0.0.1','');
insert into conferences (conf_exten,server_ip,extension) values('8600019','127.0.0.1','');
insert into conferences (conf_exten,server_ip,extension) values('8600020','127.0.0.1','');
insert into conferences (conf_exten,server_ip,extension) values('8600021','127.0.0.1','');
insert into conferences (conf_exten,server_ip,extension) values('8600022','127.0.0.1','');
insert into conferences (conf_exten,server_ip,extension) values('8600023','127.0.0.1','');
insert into conferences (conf_exten,server_ip,extension) values('8600024','127.0.0.1','');
insert into conferences (conf_exten,server_ip,extension) values('8600025','127.0.0.1','');
insert into conferences (conf_exten,server_ip,extension) values('8600026','127.0.0.1','');
insert into conferences (conf_exten,server_ip,extension) values('8600027','127.0.0.1','');
insert into conferences (conf_exten,server_ip,extension) values('8600028','127.0.0.1','');
insert into conferences (conf_exten,server_ip,extension) values('8600029','127.0.0.1','');
insert into conferences (conf_exten,server_ip,extension) values('8600030','127.0.0.1','');
insert into conferences (conf_exten,server_ip,extension) values('8600031','127.0.0.1','');
insert into conferences (conf_exten,server_ip,extension) values('8600032','127.0.0.1','');
insert into conferences (conf_exten,server_ip,extension) values('8600033','127.0.0.1','');
insert into conferences (conf_exten,server_ip,extension) values('8600034','127.0.0.1','');
insert into conferences (conf_exten,server_ip,extension) values('8600035','127.0.0.1','');
insert into conferences (conf_exten,server_ip,extension) values('8600036','127.0.0.1','');
insert into conferences (conf_exten,server_ip,extension) values('8600037','127.0.0.1','');
insert into conferences (conf_exten,server_ip,extension) values('8600038','127.0.0.1','');
insert into conferences (conf_exten,server_ip,extension) values('8600039','127.0.0.1','');
insert into conferences (conf_exten,server_ip,extension) values('8600040','127.0.0.1','');
insert into conferences (conf_exten,server_ip,extension) values('8600041','127.0.0.1','');
insert into conferences (conf_exten,server_ip,extension) values('8600042','127.0.0.1','');
insert into conferences (conf_exten,server_ip,extension) values('8600043','127.0.0.1','');
insert into conferences (conf_exten,server_ip,extension) values('8600044','127.0.0.1','');
insert into conferences (conf_exten,server_ip,extension) values('8600045','127.0.0.1','');
insert into conferences (conf_exten,server_ip,extension) values('8600046','127.0.0.1','');
insert into conferences (conf_exten,server_ip,extension) values('8600047','127.0.0.1','');
insert into conferences (conf_exten,server_ip,extension) values('8600048','127.0.0.1','');
insert into conferences (conf_exten,server_ip,extension) values('8600049','127.0.0.1','');

insert into osdial_conferences (conf_exten,server_ip,extension,leave_3way,leave_3way_datetime) values('8601000','127.0.0.1','','0',NULL);
insert into osdial_conferences (conf_exten,server_ip,extension,leave_3way,leave_3way_datetime) values('8601001','127.0.0.1','','0',NULL);
insert into osdial_conferences (conf_exten,server_ip,extension,leave_3way,leave_3way_datetime) values('8601002','127.0.0.1','','0',NULL);
insert into osdial_conferences (conf_exten,server_ip,extension,leave_3way,leave_3way_datetime) values('8601003','127.0.0.1','','0',NULL);
insert into osdial_conferences (conf_exten,server_ip,extension,leave_3way,leave_3way_datetime) values('8601004','127.0.0.1','','0',NULL);
insert into osdial_conferences (conf_exten,server_ip,extension,leave_3way,leave_3way_datetime) values('8601005','127.0.0.1','','0',NULL);
insert into osdial_conferences (conf_exten,server_ip,extension,leave_3way,leave_3way_datetime) values('8601006','127.0.0.1','','0',NULL);
insert into osdial_conferences (conf_exten,server_ip,extension,leave_3way,leave_3way_datetime) values('8601007','127.0.0.1','','0',NULL);
insert into osdial_conferences (conf_exten,server_ip,extension,leave_3way,leave_3way_datetime) values('8601008','127.0.0.1','','0',NULL);
insert into osdial_conferences (conf_exten,server_ip,extension,leave_3way,leave_3way_datetime) values('8601009','127.0.0.1','','0',NULL);
insert into osdial_conferences (conf_exten,server_ip,extension,leave_3way,leave_3way_datetime) values('8601010','127.0.0.1','','0',NULL);
insert into osdial_conferences (conf_exten,server_ip,extension,leave_3way,leave_3way_datetime) values('8601011','127.0.0.1','','0',NULL);
insert into osdial_conferences (conf_exten,server_ip,extension,leave_3way,leave_3way_datetime) values('8601012','127.0.0.1','','0',NULL);
insert into osdial_conferences (conf_exten,server_ip,extension,leave_3way,leave_3way_datetime) values('8601013','127.0.0.1','','0',NULL);
insert into osdial_conferences (conf_exten,server_ip,extension,leave_3way,leave_3way_datetime) values('8601014','127.0.0.1','','0',NULL);
insert into osdial_conferences (conf_exten,server_ip,extension,leave_3way,leave_3way_datetime) values('8601015','127.0.0.1','','0',NULL);
insert into osdial_conferences (conf_exten,server_ip,extension,leave_3way,leave_3way_datetime) values('8601016','127.0.0.1','','0',NULL);
insert into osdial_conferences (conf_exten,server_ip,extension,leave_3way,leave_3way_datetime) values('8601017','127.0.0.1','','0',NULL);
insert into osdial_conferences (conf_exten,server_ip,extension,leave_3way,leave_3way_datetime) values('8601018','127.0.0.1','','0',NULL);
insert into osdial_conferences (conf_exten,server_ip,extension,leave_3way,leave_3way_datetime) values('8601019','127.0.0.1','','0',NULL);
insert into osdial_conferences (conf_exten,server_ip,extension,leave_3way,leave_3way_datetime) values('8601020','127.0.0.1','','0',NULL);
insert into osdial_conferences (conf_exten,server_ip,extension,leave_3way,leave_3way_datetime) values('8601021','127.0.0.1','','0',NULL);
insert into osdial_conferences (conf_exten,server_ip,extension,leave_3way,leave_3way_datetime) values('8601022','127.0.0.1','','0',NULL);
insert into osdial_conferences (conf_exten,server_ip,extension,leave_3way,leave_3way_datetime) values('8601023','127.0.0.1','','0',NULL);
insert into osdial_conferences (conf_exten,server_ip,extension,leave_3way,leave_3way_datetime) values('8601024','127.0.0.1','','0',NULL);
insert into osdial_conferences (conf_exten,server_ip,extension,leave_3way,leave_3way_datetime) values('8601025','127.0.0.1','','0',NULL);
insert into osdial_conferences (conf_exten,server_ip,extension,leave_3way,leave_3way_datetime) values('8601026','127.0.0.1','','0',NULL);
insert into osdial_conferences (conf_exten,server_ip,extension,leave_3way,leave_3way_datetime) values('8601027','127.0.0.1','','0',NULL);
insert into osdial_conferences (conf_exten,server_ip,extension,leave_3way,leave_3way_datetime) values('8601028','127.0.0.1','','0',NULL);
insert into osdial_conferences (conf_exten,server_ip,extension,leave_3way,leave_3way_datetime) values('8601029','127.0.0.1','','0',NULL);
insert into osdial_conferences (conf_exten,server_ip,extension,leave_3way,leave_3way_datetime) values('8601030','127.0.0.1','','0',NULL);
insert into osdial_conferences (conf_exten,server_ip,extension,leave_3way,leave_3way_datetime) values('8601031','127.0.0.1','','0',NULL);
insert into osdial_conferences (conf_exten,server_ip,extension,leave_3way,leave_3way_datetime) values('8601032','127.0.0.1','','0',NULL);
insert into osdial_conferences (conf_exten,server_ip,extension,leave_3way,leave_3way_datetime) values('8601033','127.0.0.1','','0',NULL);
insert into osdial_conferences (conf_exten,server_ip,extension,leave_3way,leave_3way_datetime) values('8601034','127.0.0.1','','0',NULL);
insert into osdial_conferences (conf_exten,server_ip,extension,leave_3way,leave_3way_datetime) values('8601035','127.0.0.1','','0',NULL);
insert into osdial_conferences (conf_exten,server_ip,extension,leave_3way,leave_3way_datetime) values('8601036','127.0.0.1','','0',NULL);
insert into osdial_conferences (conf_exten,server_ip,extension,leave_3way,leave_3way_datetime) values('8601037','127.0.0.1','','0',NULL);
insert into osdial_conferences (conf_exten,server_ip,extension,leave_3way,leave_3way_datetime) values('8601038','127.0.0.1','','0',NULL);
insert into osdial_conferences (conf_exten,server_ip,extension,leave_3way,leave_3way_datetime) values('8601039','127.0.0.1','','0',NULL);
insert into osdial_conferences (conf_exten,server_ip,extension,leave_3way,leave_3way_datetime) values('8601040','127.0.0.1','','0',NULL);
insert into osdial_conferences (conf_exten,server_ip,extension,leave_3way,leave_3way_datetime) values('8601041','127.0.0.1','','0',NULL);
insert into osdial_conferences (conf_exten,server_ip,extension,leave_3way,leave_3way_datetime) values('8601042','127.0.0.1','','0',NULL);
insert into osdial_conferences (conf_exten,server_ip,extension,leave_3way,leave_3way_datetime) values('8601043','127.0.0.1','','0',NULL);
insert into osdial_conferences (conf_exten,server_ip,extension,leave_3way,leave_3way_datetime) values('8601044','127.0.0.1','','0',NULL);
insert into osdial_conferences (conf_exten,server_ip,extension,leave_3way,leave_3way_datetime) values('8601045','127.0.0.1','','0',NULL);
insert into osdial_conferences (conf_exten,server_ip,extension,leave_3way,leave_3way_datetime) values('8601046','127.0.0.1','','0',NULL);
insert into osdial_conferences (conf_exten,server_ip,extension,leave_3way,leave_3way_datetime) values('8601047','127.0.0.1','','0',NULL);
insert into osdial_conferences (conf_exten,server_ip,extension,leave_3way,leave_3way_datetime) values('8601048','127.0.0.1','','0',NULL);
insert into osdial_conferences (conf_exten,server_ip,extension,leave_3way,leave_3way_datetime) values('8601049','127.0.0.1','','0',NULL);

INSERT INTO osdial_status_categories (vsc_id,vsc_name,tovdad_display) values('UNDEFINED','Default Category','N');
INSERT INTO osdial_status_categories (vsc_id,vsc_name,tovdad_display) values('SYSTEM','System Generated Statuses','Y');
INSERT INTO osdial_status_categories (vsc_id,vsc_name,tovdad_display) values('NOCONTACT','No Contacts','Y');
INSERT INTO osdial_status_categories (vsc_id,vsc_name,tovdad_display) values('CONTACT','Contacts','Y');
INSERT INTO osdial_status_categories (vsc_id,vsc_name,tovdad_display) values('SALE','Sales','Y');

insert into osdial_statuses (status,status_name,selectable,human_answered,category) values('NEW','New Lead','N','N','UNDEFINED');
insert into osdial_statuses (status,status_name,selectable,human_answered,category) values('DROP','Agent Not Available','N','Y','SYSTEM');
insert into osdial_statuses (status,status_name,selectable,human_answered,category) values('XDROP','Inbound Agent Not Available','N','Y','SYSTEM');

insert into osdial_statuses (status,status_name,selectable,human_answered,category) values('QUEUE','Lead To Be Called','N','N','SYSTEM');
insert into osdial_statuses (status,status_name,selectable,human_answered,category) values('INCALL','Lead Being Called','N','Y','SYSTEM');

insert into osdial_statuses (status,status_name,selectable,human_answered,category) values('SALE','Sale Made','Y','Y','SALE');

insert into osdial_statuses (status,status_name,selectable,human_answered,category) values('XFER','Call Transferred','Y','Y','CONTACT');
insert into osdial_statuses (status,status_name,selectable,human_answered,category) values('CALLBK','Call Back','Y','Y','CONTACT');
insert into osdial_statuses (status,status_name,selectable,human_answered,category) values('CBHOLD','Call Back Inprogress','Y','Y','CONTACT');
insert into osdial_statuses (status,status_name,selectable,human_answered,category) values('DEC','Declined Sale','Y','Y','CONTACT');
insert into osdial_statuses (status,status_name,selectable,human_answered,category) values('DNC','DO NOT CALL','Y','Y','CONTACT');
insert into osdial_statuses (status,status_name,selectable,human_answered,category) values('NI','Not Interested','Y','Y','CONTACT');

insert into osdial_statuses (status,status_name,selectable,human_answered,category) values('A','Answering Machine','Y','N','NOCONTACT');
insert into osdial_statuses (status,status_name,selectable,human_answered,category) values('AA','Answering Machine Auto','N','N','NOCONTACT');
insert into osdial_statuses (status,status_name,selectable,human_answered,category) values('AM','Answering Machine Sent to Mesg','N','N','NOCONTACT');
insert into osdial_statuses (status,status_name,selectable,human_answered,category) values('AL','Answering Machine Msg Played','N','N','NOCONTACT');
insert into osdial_statuses (status,status_name,selectable,human_answered,category) values('DC','Disconnected Number','Y','N','NOCONTACT');
insert into osdial_statuses (status,status_name,selectable,human_answered,category) values('N','No Answer','Y','N','NOCONTACT');
insert into osdial_statuses (status,status_name,selectable,human_answered,category) values('NA','No Answer AutoDial','N','N','NOCONTACT');
insert into osdial_statuses (status,status_name,selectable,human_answered,category) values('B','Busy','Y','N','NOCONTACT');

INSERT INTO osdial_campaigns (campaign_id,campaign_name,active,dial_status_a,dial_status_b,dial_status_c,dial_status_d,dial_status_e,lead_order,park_ext,park_file_name,web_form_address,allow_closers,hopper_level,auto_dial_level,next_agent_call,local_call_time,voicemail_ext,dial_timeout,dial_prefix,campaign_cid,campaign_vdad_exten,campaign_rec_exten,campaign_recording,campaign_rec_filename,campaign_script,get_call_launch,am_message_exten,amd_send_to_vmx,xferconf_a_dtmf,xferconf_a_number,xferconf_b_dtmf,xferconf_b_number,alt_number_dialing,scheduled_callbacks,lead_filter_id,drop_call_seconds,safe_harbor_message,safe_harbor_exten,display_dialable_count,wrapup_seconds,wrapup_message,closer_campaigns,use_internal_dnc,allcalls_delay,omit_phone_code,dial_method,available_only_ratio_tally,adaptive_dropped_percentage,adaptive_maximum_level,adaptive_latest_server_time,adaptive_intensity,adaptive_dl_diff_target,concurrent_transfers,auto_alt_dial,auto_alt_dial_statuses,agent_pause_codes_active,campaign_description,campaign_changedate,campaign_stats_refresh,campaign_logindate,dial_statuses,disable_alter_custdata,no_hopper_leads_logins,list_order_mix,campaign_allow_inbound,manual_dial_list_id,default_xfer_group,xfer_groups,web_form_address2,allow_tab_switch,answers_per_hour_limit,campaign_call_time,preview_force_dial_time,manual_preview_default,web_form_extwindow,web_form2_extwindow,submit_method,use_custom2_callerid,campaign_lastcall,campaign_cid_name,xfer_cid_mode,use_cid_areacode_map,carrier_id,email_templates,disable_manual_dial,hide_xfer_local_closer,hide_xfer_dial_override,hide_xfer_hangup_xfer,hide_xfer_leave_3way,hide_xfer_dial_with,hide_xfer_hangup_both,hide_xfer_blind_xfer,hide_xfer_park_dial,hide_xfer_blind_vmail,allow_md_hopperlist) VALUES ('TEST','Test Campaign','Y','','','','','','DOWN','8301','park','/osdial/agent/webform_redirect.php','Y',200,'0','oldest_call_finish','24hours','',28,'9','0000000000','8368','8309','ONDEMAND','CAMPAIGN_AGENT_FULLDATE_CUSTPHONE','','NONE','8320','Y','','','','','N','Y','NONE',8,'Y','8307','Y',0,'Wrapup Call','','Y',0,'N','MANUAL','N',3,'3.0','2100','0',0,'AUTO','NONE',' A AA B N NA DC -','N','Test Campaign',NOW(),'N',NULL,' A AA AL AM B CALLBK DROP NEW N NA -','N','Y','DISABLED','Y',999,'---NONE---','','/osdial/agent/webform_redirect.php','Y','0','','10','Y','Y','Y','NORMAL','N','2008-01-01 00:00:00','','CAMPAIGN','N',0,'','N','N','N','N','N','N','N','N','N','N','N');
INSERT INTO osdial_campaign_stats (campaign_id) VALUES ('TEST');

INSERT INTO osdial_campaign_hotkeys (status,hotkey,status_name,selectable,campaign_id,xfer_exten) VALUES ('N','1','No Answer','Y','TEST','');
INSERT INTO osdial_campaign_hotkeys (status,hotkey,status_name,selectable,campaign_id,xfer_exten) VALUES ('A','2','Answering Machine','Y','TEST','');
INSERT INTO osdial_campaign_hotkeys (status,hotkey,status_name,selectable,campaign_id,xfer_exten) VALUES ('NI','3','Not Interested','Y','TEST','');
INSERT INTO osdial_campaign_hotkeys (status,hotkey,status_name,selectable,campaign_id,xfer_exten) VALUES ('CALLBK','4','Call Back','Y','TEST','');
INSERT INTO osdial_campaign_hotkeys (status,hotkey,status_name,selectable,campaign_id,xfer_exten) VALUES ('SALE','5','Sale Made','Y','TEST','');

INSERT INTO osdial_users (user_id,user,pass,full_name,user_level,user_group,phone_login,phone_pass,delete_users,delete_user_groups,delete_lists,delete_campaigns,delete_ingroups,delete_remote_agents,load_leads,campaign_detail,ast_admin_access,ast_delete_phones,delete_scripts,modify_leads,hotkeys_active,change_agent_campaign,agent_choose_ingroups,closer_campaigns,scheduled_callbacks,agentonly_callbacks,agentcall_manual,osdial_recording,osdial_transfers,delete_filters,alter_agent_interface_options,closer_default_blended,delete_call_times,modify_call_times,modify_users,modify_campaigns,modify_lists,modify_scripts,modify_filters,modify_ingroups,modify_usergroups,modify_remoteagents,modify_servers,view_reports,osdial_recording_override,alter_custdata_override,manual_dial_new_limit,manual_dial_allow_skip,export_leads,admin_api_access,agent_api_access,xfer_agent2agent,script_override,load_dnc,export_dnc,delete_dnc) VALUES (3,'admin','admin','Admin',9,'ADMIN','','','1','1','1','1','1','1','1','1','1','1','1','1','0','1','1','','1','1','1','1','1','1','1','1','1','1','1','1','1','1','1','1','1','1','1','1','DISABLED','NOT_ACTIVE','-1','0','1','0','0','0','','1','1','1');
INSERT INTO osdial_users (user_id,user,pass,full_name,user_level,user_group,phone_login,phone_pass,delete_users,delete_user_groups,delete_lists,delete_campaigns,delete_ingroups,delete_remote_agents,load_leads,campaign_detail,ast_admin_access,ast_delete_phones,delete_scripts,modify_leads,hotkeys_active,change_agent_campaign,agent_choose_ingroups,closer_campaigns,scheduled_callbacks,agentonly_callbacks,agentcall_manual,osdial_recording,osdial_transfers,delete_filters,alter_agent_interface_options,closer_default_blended,delete_call_times,modify_call_times,modify_users,modify_campaigns,modify_lists,modify_scripts,modify_filters,modify_ingroups,modify_usergroups,modify_remoteagents,modify_servers,view_reports,osdial_recording_override,alter_custdata_override,manual_dial_new_limit,manual_dial_allow_skip,export_leads,admin_api_access,agent_api_access,xfer_agent2agent,script_override,load_dnc,export_dnc,delete_dnc) VALUES (4,'1000','1000','Agent 1000',4,'AGENTS','','','0','0','0','0','0','0','0','0','0','0','0','0','1','0','0','','1','1','1','1','1','0','0','1','0','0','0','0','0','0','0','0','0','0','0','0','DISABLED','NOT_ACTIVE','-1','0','0','0','0','0','','0','0','0');
INSERT INTO osdial_users (user_id,user,pass,full_name,user_level,user_group,phone_login,phone_pass,delete_users,delete_user_groups,delete_lists,delete_campaigns,delete_ingroups,delete_remote_agents,load_leads,campaign_detail,ast_admin_access,ast_delete_phones,delete_scripts,modify_leads,hotkeys_active,change_agent_campaign,agent_choose_ingroups,closer_campaigns,scheduled_callbacks,agentonly_callbacks,agentcall_manual,osdial_recording,osdial_transfers,delete_filters,alter_agent_interface_options,closer_default_blended,delete_call_times,modify_call_times,modify_users,modify_campaigns,modify_lists,modify_scripts,modify_filters,modify_ingroups,modify_usergroups,modify_remoteagents,modify_servers,view_reports,osdial_recording_override,alter_custdata_override,manual_dial_new_limit,manual_dial_allow_skip,export_leads,admin_api_access,agent_api_access,xfer_agent2agent,script_override,load_dnc,export_dnc,delete_dnc) VALUES (5,'1001','1001','Agent 1001',4,'AGENTS','','','0','0','0','0','0','0','0','0','0','0','0','0','1','0','0','','1','1','1','1','1','0','0','1','0','0','0','0','0','0','0','0','0','0','0','0','DISABLED','NOT_ACTIVE','-1','0','0','0','0','0','','0','0','0');
INSERT INTO osdial_users (user_id,user,pass,full_name,user_level,user_group,phone_login,phone_pass,delete_users,delete_user_groups,delete_lists,delete_campaigns,delete_ingroups,delete_remote_agents,load_leads,campaign_detail,ast_admin_access,ast_delete_phones,delete_scripts,modify_leads,hotkeys_active,change_agent_campaign,agent_choose_ingroups,closer_campaigns,scheduled_callbacks,agentonly_callbacks,agentcall_manual,osdial_recording,osdial_transfers,delete_filters,alter_agent_interface_options,closer_default_blended,delete_call_times,modify_call_times,modify_users,modify_campaigns,modify_lists,modify_scripts,modify_filters,modify_ingroups,modify_usergroups,modify_remoteagents,modify_servers,view_reports,osdial_recording_override,alter_custdata_override,manual_dial_new_limit,manual_dial_allow_skip,export_leads,admin_api_access,agent_api_access,xfer_agent2agent,script_override,load_dnc,export_dnc,delete_dnc) VALUES (6,'1002','1002','Agent 1002',4,'AGENTS','','','0','0','0','0','0','0','0','0','0','0','0','0','1','0','0','','1','1','1','1','1','0','0','1','0','0','0','0','0','0','0','0','0','0','0','0','DISABLED','NOT_ACTIVE','-1','0','0','0','0','0','','0','0','0');
INSERT INTO osdial_users (user_id,user,pass,full_name,user_level,user_group,phone_login,phone_pass,delete_users,delete_user_groups,delete_lists,delete_campaigns,delete_ingroups,delete_remote_agents,load_leads,campaign_detail,ast_admin_access,ast_delete_phones,delete_scripts,modify_leads,hotkeys_active,change_agent_campaign,agent_choose_ingroups,closer_campaigns,scheduled_callbacks,agentonly_callbacks,agentcall_manual,osdial_recording,osdial_transfers,delete_filters,alter_agent_interface_options,closer_default_blended,delete_call_times,modify_call_times,modify_users,modify_campaigns,modify_lists,modify_scripts,modify_filters,modify_ingroups,modify_usergroups,modify_remoteagents,modify_servers,view_reports,osdial_recording_override,alter_custdata_override,manual_dial_new_limit,manual_dial_allow_skip,export_leads,admin_api_access,agent_api_access,xfer_agent2agent,script_override,load_dnc,export_dnc,delete_dnc) VALUES (7,'1003','1003','Agent 1003',4,'AGENTS','','','0','0','0','0','0','0','0','0','0','0','0','0','1','0','0','','1','1','1','1','1','0','0','1','0','0','0','0','0','0','0','0','0','0','0','0','DISABLED','NOT_ACTIVE','-1','0','0','0','0','0','','0','0','0');
INSERT INTO osdial_users (user_id,user,pass,full_name,user_level,user_group,phone_login,phone_pass,delete_users,delete_user_groups,delete_lists,delete_campaigns,delete_ingroups,delete_remote_agents,load_leads,campaign_detail,ast_admin_access,ast_delete_phones,delete_scripts,modify_leads,hotkeys_active,change_agent_campaign,agent_choose_ingroups,closer_campaigns,scheduled_callbacks,agentonly_callbacks,agentcall_manual,osdial_recording,osdial_transfers,delete_filters,alter_agent_interface_options,closer_default_blended,delete_call_times,modify_call_times,modify_users,modify_campaigns,modify_lists,modify_scripts,modify_filters,modify_ingroups,modify_usergroups,modify_remoteagents,modify_servers,view_reports,osdial_recording_override,alter_custdata_override,manual_dial_new_limit,manual_dial_allow_skip,export_leads,admin_api_access,agent_api_access,xfer_agent2agent,script_override,load_dnc,export_dnc,delete_dnc) VALUES (8,'1004','1004','Agent 1004',4,'AGENTS','','','0','0','0','0','0','0','0','0','0','0','0','0','1','0','0','','1','1','1','1','1','0','0','1','0','0','0','0','0','0','0','0','0','0','0','0','DISABLED','NOT_ACTIVE','-1','0','0','0','0','0','','0','0','0');
INSERT INTO osdial_users (user_id,user,pass,full_name,user_level,user_group,phone_login,phone_pass,delete_users,delete_user_groups,delete_lists,delete_campaigns,delete_ingroups,delete_remote_agents,load_leads,campaign_detail,ast_admin_access,ast_delete_phones,delete_scripts,modify_leads,hotkeys_active,change_agent_campaign,agent_choose_ingroups,closer_campaigns,scheduled_callbacks,agentonly_callbacks,agentcall_manual,osdial_recording,osdial_transfers,delete_filters,alter_agent_interface_options,closer_default_blended,delete_call_times,modify_call_times,modify_users,modify_campaigns,modify_lists,modify_scripts,modify_filters,modify_ingroups,modify_usergroups,modify_remoteagents,modify_servers,view_reports,osdial_recording_override,alter_custdata_override,manual_dial_new_limit,manual_dial_allow_skip,export_leads,admin_api_access,agent_api_access,xfer_agent2agent,script_override,load_dnc,export_dnc,delete_dnc) VALUES (9,'1005','1005','Agent 1005',4,'AGENTS','','','0','0','0','0','0','0','0','0','0','0','0','0','1','0','0','','1','1','1','1','1','0','0','1','0','0','0','0','0','0','0','0','0','0','0','0','DISABLED','NOT_ACTIVE','-1','0','0','0','0','0','','0','0','0');
INSERT INTO osdial_users (user_id,user,pass,full_name,user_level,user_group,phone_login,phone_pass,delete_users,delete_user_groups,delete_lists,delete_campaigns,delete_ingroups,delete_remote_agents,load_leads,campaign_detail,ast_admin_access,ast_delete_phones,delete_scripts,modify_leads,hotkeys_active,change_agent_campaign,agent_choose_ingroups,closer_campaigns,scheduled_callbacks,agentonly_callbacks,agentcall_manual,osdial_recording,osdial_transfers,delete_filters,alter_agent_interface_options,closer_default_blended,delete_call_times,modify_call_times,modify_users,modify_campaigns,modify_lists,modify_scripts,modify_filters,modify_ingroups,modify_usergroups,modify_remoteagents,modify_servers,view_reports,osdial_recording_override,alter_custdata_override,manual_dial_new_limit,manual_dial_allow_skip,export_leads,admin_api_access,agent_api_access,xfer_agent2agent,script_override,load_dnc,export_dnc,delete_dnc) VALUES (10,'1006','1006','Agent 1006',4,'AGENTS','','','0','0','0','0','0','0','0','0','0','0','0','0','1','0','0','','1','1','1','1','1','0','0','1','0','0','0','0','0','0','0','0','0','0','0','0','DISABLED','NOT_ACTIVE','-1','0','0','0','0','0','','0','0','0');
INSERT INTO osdial_users (user_id,user,pass,full_name,user_level,user_group,phone_login,phone_pass,delete_users,delete_user_groups,delete_lists,delete_campaigns,delete_ingroups,delete_remote_agents,load_leads,campaign_detail,ast_admin_access,ast_delete_phones,delete_scripts,modify_leads,hotkeys_active,change_agent_campaign,agent_choose_ingroups,closer_campaigns,scheduled_callbacks,agentonly_callbacks,agentcall_manual,osdial_recording,osdial_transfers,delete_filters,alter_agent_interface_options,closer_default_blended,delete_call_times,modify_call_times,modify_users,modify_campaigns,modify_lists,modify_scripts,modify_filters,modify_ingroups,modify_usergroups,modify_remoteagents,modify_servers,view_reports,osdial_recording_override,alter_custdata_override,manual_dial_new_limit,manual_dial_allow_skip,export_leads,admin_api_access,agent_api_access,xfer_agent2agent,script_override,load_dnc,export_dnc,delete_dnc) VALUES (11,'1007','1007','Agent 1007',4,'AGENTS','','','0','0','0','0','0','0','0','0','0','0','0','0','1','0','0','','1','1','1','1','1','0','0','1','0','0','0','0','0','0','0','0','0','0','0','0','DISABLED','NOT_ACTIVE','-1','0','0','0','0','0','','0','0','0');
INSERT INTO osdial_users (user_id,user,pass,full_name,user_level,user_group,phone_login,phone_pass,delete_users,delete_user_groups,delete_lists,delete_campaigns,delete_ingroups,delete_remote_agents,load_leads,campaign_detail,ast_admin_access,ast_delete_phones,delete_scripts,modify_leads,hotkeys_active,change_agent_campaign,agent_choose_ingroups,closer_campaigns,scheduled_callbacks,agentonly_callbacks,agentcall_manual,osdial_recording,osdial_transfers,delete_filters,alter_agent_interface_options,closer_default_blended,delete_call_times,modify_call_times,modify_users,modify_campaigns,modify_lists,modify_scripts,modify_filters,modify_ingroups,modify_usergroups,modify_remoteagents,modify_servers,view_reports,osdial_recording_override,alter_custdata_override,manual_dial_new_limit,manual_dial_allow_skip,export_leads,admin_api_access,agent_api_access,xfer_agent2agent,script_override,load_dnc,export_dnc,delete_dnc) VALUES (12,'1008','1008','Agent 1008',4,'AGENTS','','','0','0','0','0','0','0','0','0','0','0','0','0','1','0','0','','1','1','1','1','1','0','0','1','0','0','0','0','0','0','0','0','0','0','0','0','DISABLED','NOT_ACTIVE','-1','0','0','0','0','0','','0','0','0');
INSERT INTO osdial_users (user_id,user,pass,full_name,user_level,user_group,phone_login,phone_pass,delete_users,delete_user_groups,delete_lists,delete_campaigns,delete_ingroups,delete_remote_agents,load_leads,campaign_detail,ast_admin_access,ast_delete_phones,delete_scripts,modify_leads,hotkeys_active,change_agent_campaign,agent_choose_ingroups,closer_campaigns,scheduled_callbacks,agentonly_callbacks,agentcall_manual,osdial_recording,osdial_transfers,delete_filters,alter_agent_interface_options,closer_default_blended,delete_call_times,modify_call_times,modify_users,modify_campaigns,modify_lists,modify_scripts,modify_filters,modify_ingroups,modify_usergroups,modify_remoteagents,modify_servers,view_reports,osdial_recording_override,alter_custdata_override,manual_dial_new_limit,manual_dial_allow_skip,export_leads,admin_api_access,agent_api_access,xfer_agent2agent,script_override,load_dnc,export_dnc,delete_dnc) VALUES (13,'1009','1009','Agent 1009',4,'AGENTS','','','0','0','0','0','0','0','0','0','0','0','0','0','1','0','0','','1','1','1','1','1','0','0','1','0','0','0','0','0','0','0','0','0','0','0','0','DISABLED','NOT_ACTIVE','-1','0','0','0','0','0','','0','0','0');

INSERT INTO phones (extension,dialplan_number,voicemail_id,phone_ip,computer_ip,server_ip,login,pass,status,active,phone_type,fullname,company,picture,messages,old_messages,protocol,local_gmt,ASTmgrUSERNAME,ASTmgrSECRET,login_user,login_pass,login_campaign,park_on_extension,conf_on_extension,OSDIAL_park_on_extension,OSDIAL_park_on_filename,monitor_prefix,recording_exten,voicemail_exten,voicemail_dump_exten,ext_context,dtmf_send_extension,call_out_number_group,client_browser,install_directory,local_web_callerID_URL,OSDIAL_web_URL,AGI_call_logging_enabled,user_switching_enabled,conferencing_enabled,admin_hangup_enabled,admin_hijack_enabled,admin_monitor_enabled,call_parking_enabled,updater_check_enabled,AFLogging_enabled,QUEUE_ACTION_enabled,CallerID_popup_enabled,voicemail_button_enabled,enable_fast_refresh,fast_refresh_rate,enable_persistant_mysql,auto_dial_next_number,VDstop_rec_after_each_call,DBX_server,DBX_database,DBX_user,DBX_pass,DBX_port,DBY_server,DBY_database,DBY_user,DBY_pass,DBY_port,outbound_cid,enable_sipsak_messages,outbound_cid_name,voicemail_password,voicemail_email) VALUES ('1000','1000','1000','','','127.0.0.1','1000','1000','ACTIVE','Y','SIP','Ext 1000','1000','NA',0,0,'SIP','-5.00','cron','1234',NULL,NULL,NULL,'8301','8302','8301','park','8612','8309','8501','85026666666666','osdialEXT','local/8500998@osdial','Zap/g2/','/usr/bin/mozilla','/usr/local/perl_TK','http://localhost/test_callerid_output.php','http://localhost/test_osdial_output.php','1','1','1','0','0','1','1','1','1','1','1','1','0',1000,'0','1','1',NULL,'asterisk','cron','1234',3306,NULL,'asterisk','cron','1234',3306,'1000','0','','1234','');
INSERT INTO phones (extension,dialplan_number,voicemail_id,phone_ip,computer_ip,server_ip,login,pass,status,active,phone_type,fullname,company,picture,messages,old_messages,protocol,local_gmt,ASTmgrUSERNAME,ASTmgrSECRET,login_user,login_pass,login_campaign,park_on_extension,conf_on_extension,OSDIAL_park_on_extension,OSDIAL_park_on_filename,monitor_prefix,recording_exten,voicemail_exten,voicemail_dump_exten,ext_context,dtmf_send_extension,call_out_number_group,client_browser,install_directory,local_web_callerID_URL,OSDIAL_web_URL,AGI_call_logging_enabled,user_switching_enabled,conferencing_enabled,admin_hangup_enabled,admin_hijack_enabled,admin_monitor_enabled,call_parking_enabled,updater_check_enabled,AFLogging_enabled,QUEUE_ACTION_enabled,CallerID_popup_enabled,voicemail_button_enabled,enable_fast_refresh,fast_refresh_rate,enable_persistant_mysql,auto_dial_next_number,VDstop_rec_after_each_call,DBX_server,DBX_database,DBX_user,DBX_pass,DBX_port,DBY_server,DBY_database,DBY_user,DBY_pass,DBY_port,outbound_cid,enable_sipsak_messages,outbound_cid_name,voicemail_password,voicemail_email) VALUES ('1001','1001','1001','','','127.0.0.1','1001','1001','ACTIVE','Y','SIP','Ext 1001','1001','NA',0,0,'SIP','-5.00','cron','1234',NULL,NULL,NULL,'8301','8302','8301','park','8612','8309','8501','85026666666666','osdialEXT','local/8500998@osdial','Zap/g2/','/usr/bin/mozilla','/usr/local/perl_TK','http://localhost/test_callerid_output.php','http://localhost/test_osdial_output.php','1','1','1','0','0','1','1','1','1','1','1','1','0',1000,'0','1','1',NULL,'asterisk','cron','1234',3306,NULL,'asterisk','cron','1234',3306,'1001','0','','1234','');
INSERT INTO phones (extension,dialplan_number,voicemail_id,phone_ip,computer_ip,server_ip,login,pass,status,active,phone_type,fullname,company,picture,messages,old_messages,protocol,local_gmt,ASTmgrUSERNAME,ASTmgrSECRET,login_user,login_pass,login_campaign,park_on_extension,conf_on_extension,OSDIAL_park_on_extension,OSDIAL_park_on_filename,monitor_prefix,recording_exten,voicemail_exten,voicemail_dump_exten,ext_context,dtmf_send_extension,call_out_number_group,client_browser,install_directory,local_web_callerID_URL,OSDIAL_web_URL,AGI_call_logging_enabled,user_switching_enabled,conferencing_enabled,admin_hangup_enabled,admin_hijack_enabled,admin_monitor_enabled,call_parking_enabled,updater_check_enabled,AFLogging_enabled,QUEUE_ACTION_enabled,CallerID_popup_enabled,voicemail_button_enabled,enable_fast_refresh,fast_refresh_rate,enable_persistant_mysql,auto_dial_next_number,VDstop_rec_after_each_call,DBX_server,DBX_database,DBX_user,DBX_pass,DBX_port,DBY_server,DBY_database,DBY_user,DBY_pass,DBY_port,outbound_cid,enable_sipsak_messages,outbound_cid_name,voicemail_password,voicemail_email) VALUES ('1002','1002','1002','','','127.0.0.1','1002','1002','ACTIVE','Y','SIP','Ext 1002','1002','NA',0,0,'SIP','-5.00','cron','1234',NULL,NULL,NULL,'8301','8302','8301','park','8612','8309','8501','85026666666666','osdialEXT','local/8500998@osdial','Zap/g2/','/usr/bin/mozilla','/usr/local/perl_TK','http://localhost/test_callerid_output.php','http://localhost/test_osdial_output.php','1','1','1','0','0','1','1','1','1','1','1','1','0',1000,'0','1','1',NULL,'asterisk','cron','1234',3306,NULL,'asterisk','cron','1234',3306,'1002','0','','1234','');
INSERT INTO phones (extension,dialplan_number,voicemail_id,phone_ip,computer_ip,server_ip,login,pass,status,active,phone_type,fullname,company,picture,messages,old_messages,protocol,local_gmt,ASTmgrUSERNAME,ASTmgrSECRET,login_user,login_pass,login_campaign,park_on_extension,conf_on_extension,OSDIAL_park_on_extension,OSDIAL_park_on_filename,monitor_prefix,recording_exten,voicemail_exten,voicemail_dump_exten,ext_context,dtmf_send_extension,call_out_number_group,client_browser,install_directory,local_web_callerID_URL,OSDIAL_web_URL,AGI_call_logging_enabled,user_switching_enabled,conferencing_enabled,admin_hangup_enabled,admin_hijack_enabled,admin_monitor_enabled,call_parking_enabled,updater_check_enabled,AFLogging_enabled,QUEUE_ACTION_enabled,CallerID_popup_enabled,voicemail_button_enabled,enable_fast_refresh,fast_refresh_rate,enable_persistant_mysql,auto_dial_next_number,VDstop_rec_after_each_call,DBX_server,DBX_database,DBX_user,DBX_pass,DBX_port,DBY_server,DBY_database,DBY_user,DBY_pass,DBY_port,outbound_cid,enable_sipsak_messages,outbound_cid_name,voicemail_password,voicemail_email) VALUES ('1003','1003','1003','','','127.0.0.1','1003','1003','ACTIVE','Y','SIP','Ext 1003','1003','NA',0,0,'SIP','-5.00','cron','1234',NULL,NULL,NULL,'8301','8302','8301','park','8612','8309','8501','85026666666666','osdialEXT','local/8500998@osdial','Zap/g2/','/usr/bin/mozilla','/usr/local/perl_TK','http://localhost/test_callerid_output.php','http://localhost/test_osdial_output.php','1','1','1','0','0','1','1','1','1','1','1','1','0',1000,'0','1','1',NULL,'asterisk','cron','1234',3306,NULL,'asterisk','cron','1234',3306,'1003','0','','1234','');
INSERT INTO phones (extension,dialplan_number,voicemail_id,phone_ip,computer_ip,server_ip,login,pass,status,active,phone_type,fullname,company,picture,messages,old_messages,protocol,local_gmt,ASTmgrUSERNAME,ASTmgrSECRET,login_user,login_pass,login_campaign,park_on_extension,conf_on_extension,OSDIAL_park_on_extension,OSDIAL_park_on_filename,monitor_prefix,recording_exten,voicemail_exten,voicemail_dump_exten,ext_context,dtmf_send_extension,call_out_number_group,client_browser,install_directory,local_web_callerID_URL,OSDIAL_web_URL,AGI_call_logging_enabled,user_switching_enabled,conferencing_enabled,admin_hangup_enabled,admin_hijack_enabled,admin_monitor_enabled,call_parking_enabled,updater_check_enabled,AFLogging_enabled,QUEUE_ACTION_enabled,CallerID_popup_enabled,voicemail_button_enabled,enable_fast_refresh,fast_refresh_rate,enable_persistant_mysql,auto_dial_next_number,VDstop_rec_after_each_call,DBX_server,DBX_database,DBX_user,DBX_pass,DBX_port,DBY_server,DBY_database,DBY_user,DBY_pass,DBY_port,outbound_cid,enable_sipsak_messages,outbound_cid_name,voicemail_password,voicemail_email) VALUES ('1004','1004','1004','','','127.0.0.1','1004','1004','ACTIVE','Y','SIP','Ext 1004','1004','NA',0,0,'SIP','-5.00','cron','1234',NULL,NULL,NULL,'8301','8302','8301','park','8612','8309','8501','85026666666666','osdialEXT','local/8500998@osdial','Zap/g2/','/usr/bin/mozilla','/usr/local/perl_TK','http://localhost/test_callerid_output.php','http://localhost/test_osdial_output.php','1','1','1','0','0','1','1','1','1','1','1','1','0',1000,'0','1','1',NULL,'asterisk','cron','1234',3306,NULL,'asterisk','cron','1234',3306,'1004','0','','1234','');
INSERT INTO phones (extension,dialplan_number,voicemail_id,phone_ip,computer_ip,server_ip,login,pass,status,active,phone_type,fullname,company,picture,messages,old_messages,protocol,local_gmt,ASTmgrUSERNAME,ASTmgrSECRET,login_user,login_pass,login_campaign,park_on_extension,conf_on_extension,OSDIAL_park_on_extension,OSDIAL_park_on_filename,monitor_prefix,recording_exten,voicemail_exten,voicemail_dump_exten,ext_context,dtmf_send_extension,call_out_number_group,client_browser,install_directory,local_web_callerID_URL,OSDIAL_web_URL,AGI_call_logging_enabled,user_switching_enabled,conferencing_enabled,admin_hangup_enabled,admin_hijack_enabled,admin_monitor_enabled,call_parking_enabled,updater_check_enabled,AFLogging_enabled,QUEUE_ACTION_enabled,CallerID_popup_enabled,voicemail_button_enabled,enable_fast_refresh,fast_refresh_rate,enable_persistant_mysql,auto_dial_next_number,VDstop_rec_after_each_call,DBX_server,DBX_database,DBX_user,DBX_pass,DBX_port,DBY_server,DBY_database,DBY_user,DBY_pass,DBY_port,outbound_cid,enable_sipsak_messages,outbound_cid_name,voicemail_password,voicemail_email) VALUES ('1005','1005','1005','','','127.0.0.1','1005','1005','ACTIVE','Y','SIP','Ext 1005','1005','NA',0,0,'SIP','-5.00','cron','1234',NULL,NULL,NULL,'8301','8302','8301','park','8612','8309','8501','85026666666666','osdialEXT','local/8500998@osdial','Zap/g2/','/usr/bin/mozilla','/usr/local/perl_TK','http://localhost/test_callerid_output.php','http://localhost/test_osdial_output.php','1','1','1','0','0','1','1','1','1','1','1','1','0',1000,'0','1','1',NULL,'asterisk','cron','1234',3306,NULL,'asterisk','cron','1234',3306,'1005','0','','1234','');
INSERT INTO phones (extension,dialplan_number,voicemail_id,phone_ip,computer_ip,server_ip,login,pass,status,active,phone_type,fullname,company,picture,messages,old_messages,protocol,local_gmt,ASTmgrUSERNAME,ASTmgrSECRET,login_user,login_pass,login_campaign,park_on_extension,conf_on_extension,OSDIAL_park_on_extension,OSDIAL_park_on_filename,monitor_prefix,recording_exten,voicemail_exten,voicemail_dump_exten,ext_context,dtmf_send_extension,call_out_number_group,client_browser,install_directory,local_web_callerID_URL,OSDIAL_web_URL,AGI_call_logging_enabled,user_switching_enabled,conferencing_enabled,admin_hangup_enabled,admin_hijack_enabled,admin_monitor_enabled,call_parking_enabled,updater_check_enabled,AFLogging_enabled,QUEUE_ACTION_enabled,CallerID_popup_enabled,voicemail_button_enabled,enable_fast_refresh,fast_refresh_rate,enable_persistant_mysql,auto_dial_next_number,VDstop_rec_after_each_call,DBX_server,DBX_database,DBX_user,DBX_pass,DBX_port,DBY_server,DBY_database,DBY_user,DBY_pass,DBY_port,outbound_cid,enable_sipsak_messages,outbound_cid_name,voicemail_password,voicemail_email) VALUES ('1006','1006','1006','','','127.0.0.1','1006','1006','ACTIVE','Y','SIP','Ext 1006','1006','NA',0,0,'SIP','-5.00','cron','1234',NULL,NULL,NULL,'8301','8302','8301','park','8612','8309','8501','85026666666666','osdialEXT','local/8500998@osdial','Zap/g2/','/usr/bin/mozilla','/usr/local/perl_TK','http://localhost/test_callerid_output.php','http://localhost/test_osdial_output.php','1','1','1','0','0','1','1','1','1','1','1','1','0',1000,'0','1','1',NULL,'asterisk','cron','1234',3306,NULL,'asterisk','cron','1234',3306,'1006','0','','1234','');
INSERT INTO phones (extension,dialplan_number,voicemail_id,phone_ip,computer_ip,server_ip,login,pass,status,active,phone_type,fullname,company,picture,messages,old_messages,protocol,local_gmt,ASTmgrUSERNAME,ASTmgrSECRET,login_user,login_pass,login_campaign,park_on_extension,conf_on_extension,OSDIAL_park_on_extension,OSDIAL_park_on_filename,monitor_prefix,recording_exten,voicemail_exten,voicemail_dump_exten,ext_context,dtmf_send_extension,call_out_number_group,client_browser,install_directory,local_web_callerID_URL,OSDIAL_web_URL,AGI_call_logging_enabled,user_switching_enabled,conferencing_enabled,admin_hangup_enabled,admin_hijack_enabled,admin_monitor_enabled,call_parking_enabled,updater_check_enabled,AFLogging_enabled,QUEUE_ACTION_enabled,CallerID_popup_enabled,voicemail_button_enabled,enable_fast_refresh,fast_refresh_rate,enable_persistant_mysql,auto_dial_next_number,VDstop_rec_after_each_call,DBX_server,DBX_database,DBX_user,DBX_pass,DBX_port,DBY_server,DBY_database,DBY_user,DBY_pass,DBY_port,outbound_cid,enable_sipsak_messages,outbound_cid_name,voicemail_password,voicemail_email) VALUES ('1007','1007','1007','','','127.0.0.1','1007','1007','ACTIVE','Y','SIP','Ext 1007','1007','NA',0,0,'SIP','-5.00','cron','1234',NULL,NULL,NULL,'8301','8302','8301','park','8612','8309','8501','85026666666666','osdialEXT','local/8500998@osdial','Zap/g2/','/usr/bin/mozilla','/usr/local/perl_TK','http://localhost/test_callerid_output.php','http://localhost/test_osdial_output.php','1','1','1','0','0','1','1','1','1','1','1','1','0',1000,'0','1','1',NULL,'asterisk','cron','1234',3306,NULL,'asterisk','cron','1234',3306,'1007','0','','1234','');
INSERT INTO phones (extension,dialplan_number,voicemail_id,phone_ip,computer_ip,server_ip,login,pass,status,active,phone_type,fullname,company,picture,messages,old_messages,protocol,local_gmt,ASTmgrUSERNAME,ASTmgrSECRET,login_user,login_pass,login_campaign,park_on_extension,conf_on_extension,OSDIAL_park_on_extension,OSDIAL_park_on_filename,monitor_prefix,recording_exten,voicemail_exten,voicemail_dump_exten,ext_context,dtmf_send_extension,call_out_number_group,client_browser,install_directory,local_web_callerID_URL,OSDIAL_web_URL,AGI_call_logging_enabled,user_switching_enabled,conferencing_enabled,admin_hangup_enabled,admin_hijack_enabled,admin_monitor_enabled,call_parking_enabled,updater_check_enabled,AFLogging_enabled,QUEUE_ACTION_enabled,CallerID_popup_enabled,voicemail_button_enabled,enable_fast_refresh,fast_refresh_rate,enable_persistant_mysql,auto_dial_next_number,VDstop_rec_after_each_call,DBX_server,DBX_database,DBX_user,DBX_pass,DBX_port,DBY_server,DBY_database,DBY_user,DBY_pass,DBY_port,outbound_cid,enable_sipsak_messages,outbound_cid_name,voicemail_password,voicemail_email) VALUES ('1008','1008','1008','','','127.0.0.1','1008','1008','ACTIVE','Y','SIP','Ext 1008','1008','NA',0,0,'SIP','-5.00','cron','1234',NULL,NULL,NULL,'8301','8302','8301','park','8612','8309','8501','85026666666666','osdialEXT','local/8500998@osdial','Zap/g2/','/usr/bin/mozilla','/usr/local/perl_TK','http://localhost/test_callerid_output.php','http://localhost/test_osdial_output.php','1','1','1','0','0','1','1','1','1','1','1','1','0',1000,'0','1','1',NULL,'asterisk','cron','1234',3306,NULL,'asterisk','cron','1234',3306,'1008','0','','1234','');
INSERT INTO phones (extension,dialplan_number,voicemail_id,phone_ip,computer_ip,server_ip,login,pass,status,active,phone_type,fullname,company,picture,messages,old_messages,protocol,local_gmt,ASTmgrUSERNAME,ASTmgrSECRET,login_user,login_pass,login_campaign,park_on_extension,conf_on_extension,OSDIAL_park_on_extension,OSDIAL_park_on_filename,monitor_prefix,recording_exten,voicemail_exten,voicemail_dump_exten,ext_context,dtmf_send_extension,call_out_number_group,client_browser,install_directory,local_web_callerID_URL,OSDIAL_web_URL,AGI_call_logging_enabled,user_switching_enabled,conferencing_enabled,admin_hangup_enabled,admin_hijack_enabled,admin_monitor_enabled,call_parking_enabled,updater_check_enabled,AFLogging_enabled,QUEUE_ACTION_enabled,CallerID_popup_enabled,voicemail_button_enabled,enable_fast_refresh,fast_refresh_rate,enable_persistant_mysql,auto_dial_next_number,VDstop_rec_after_each_call,DBX_server,DBX_database,DBX_user,DBX_pass,DBX_port,DBY_server,DBY_database,DBY_user,DBY_pass,DBY_port,outbound_cid,enable_sipsak_messages,outbound_cid_name,voicemail_password,voicemail_email) VALUES ('1009','1009','1009','','','127.0.0.1','1009','1009','ACTIVE','Y','SIP','Ext 1009','1009','NA',0,0,'SIP','-5.00','cron','1234',NULL,NULL,NULL,'8301','8302','8301','park','8612','8309','8501','85026666666666','osdialEXT','local/8500998@osdial','Zap/g2/','/usr/bin/mozilla','/usr/local/perl_TK','http://localhost/test_callerid_output.php','http://localhost/test_osdial_output.php','1','1','1','0','0','1','1','1','1','1','1','1','0',1000,'0','1','1',NULL,'asterisk','cron','1234',3306,NULL,'asterisk','cron','1234',3306,'1009','0','','1234','');
INSERT INTO phones (extension,dialplan_number,voicemail_id,phone_ip,computer_ip,server_ip,login,pass,status,active,phone_type,fullname,company,picture,messages,old_messages,protocol,local_gmt,ASTmgrUSERNAME,ASTmgrSECRET,login_user,login_pass,login_campaign,park_on_extension,conf_on_extension,OSDIAL_park_on_extension,OSDIAL_park_on_filename,monitor_prefix,recording_exten,voicemail_exten,voicemail_dump_exten,ext_context,dtmf_send_extension,call_out_number_group,client_browser,install_directory,local_web_callerID_URL,OSDIAL_web_URL,AGI_call_logging_enabled,user_switching_enabled,conferencing_enabled,admin_hangup_enabled,admin_hijack_enabled,admin_monitor_enabled,call_parking_enabled,updater_check_enabled,AFLogging_enabled,QUEUE_ACTION_enabled,CallerID_popup_enabled,voicemail_button_enabled,enable_fast_refresh,fast_refresh_rate,enable_persistant_mysql,auto_dial_next_number,VDstop_rec_after_each_call,DBX_server,DBX_database,DBX_user,DBX_pass,DBX_port,DBY_server,DBY_database,DBY_user,DBY_pass,DBY_port,outbound_cid,enable_sipsak_messages,outbound_cid_name,voicemail_password,voicemail_email) VALUES ('9999','9999','9999','','','127.0.0.1','9999','9999','ACTIVE','Y','Test','Test Phone','9999','NA',0,0,'EXTERNAL','-5.00','cron','1234',NULL,NULL,NULL,'8301','8302','8301','park','8612','8309','8501','85026666666666','osdialEXT','local/8500998@osdial','Zap/g2/','/usr/bin/mozilla','/usr/local/perl_TK','http://localhost/test_callerid_output.php','http://localhost/test_osdial_output.php','1','1','1','0','0','1','1','1','1','1','1','1','0',1000,'0','1','1',NULL,'asterisk','cron','1234',3306,NULL,'asterisk','cron','1234',3306,'9999','0','','1234','');

INSERT INTO osdial_scripts (script_id,script_name,script_comments,script_text,active) VALUES ('TEST','Test Script','Just a quick test','Hello Mr/Mrs \[\[last_name\]\],\r\n\r\nWe are calling you at \[\[phone_number\]\].\r\n\r\nYour address is:\r\n\[\[address1\]\]\r\n\[\[city\]\], \[\[state\]\] \[\[postal_code\]\]\r\n\r\nThank-you','Y');

INSERT INTO servers (server_id,server_description,server_ip,active,asterisk_version,max_osdial_trunks,telnet_host,telnet_port,ASTmgrUSERNAME,ASTmgrSECRET,ASTmgrUSERNAMEupdate,ASTmgrUSERNAMElisten,ASTmgrUSERNAMEsend,local_gmt,voicemail_dump_exten,answer_transfer_agent,ext_context,sys_perf_log,vd_server_logs,agi_output,osdial_balance_active,balance_trunks_offlimits,server_profile) VALUES ('osdial-d1','OSDial Dialer 1','127.0.0.1','Y','1.2.32',96,'127.0.0.1',5038,'cron','1234','updatecron','listencron','sendcron','-5','85026666666666','8365','osdial','N','Y','FILE','N',0,'AIO');

INSERT INTO osdial_lists SET list_id='998',list_name='Default inbound list',campaign_id='TEST',active='N';
INSERT INTO osdial_lists SET list_id='999',list_name='Default manual list',campaign_id='TEST',active='N';

INSERT INTO osdial_user_groups SET user_group='ADMIN',group_name='OSDIAL ADMINISTRATORS',allowed_campaigns=' -ALL-CAMPAIGNS- - -';
INSERT INTO osdial_user_groups SET user_group='AGENTS',group_name='Agent User Group',allowed_campaigns=' -ALL-CAMPAIGNS- - -';

INSERT INTO osdial_call_times SET call_time_id='24hours',call_time_name='default 24 hours calling',ct_default_start='0',ct_default_stop='2400';
INSERT INTO osdial_call_times SET call_time_id='9am-9pm',call_time_name='default 9am to 9pm calling',ct_default_start='900',ct_default_stop='2100';
INSERT INTO osdial_call_times SET call_time_id='9am-5pm',call_time_name='default 9am to 5pm calling',ct_default_start='900',ct_default_stop='1700';
INSERT INTO osdial_call_times SET call_time_id='12pm-5pm',call_time_name='default 12pm to 5pm calling',ct_default_start='1200',ct_default_stop='1700';
INSERT INTO osdial_call_times SET call_time_id='12pm-9pm',call_time_name='default 12pm to 9pm calling',ct_default_start='1200',ct_default_stop='1200';
INSERT INTO osdial_call_times SET call_time_id='5pm-9pm',call_time_name='default 5pm to 9pm calling',ct_default_start='1700',ct_default_stop='2100';

INSERT INTO osdial_state_call_times SET state_call_time_id='alabama',state_call_time_state='AL',state_call_time_name='Alabama 8am-8pm and Sunday',sct_default_start='800',sct_default_stop='2000',sct_sunday_start='2400',sct_sunday_stop='2400';
INSERT INTO osdial_state_call_times SET state_call_time_id='illinois',state_call_time_state='IL',state_call_time_name='Illinois 8am',sct_default_start='800',sct_default_stop='2100';
INSERT INTO osdial_state_call_times SET state_call_time_id='indiana',state_call_time_state='IN',state_call_time_name='Indiana 8pm restriction',sct_default_start='900',sct_default_stop='2000';
INSERT INTO osdial_state_call_times SET state_call_time_id='kentucky',state_call_time_state='KY',state_call_time_name='Kentucky 10am restriction',sct_default_start='1000',sct_default_stop='2100';
INSERT INTO osdial_state_call_times SET state_call_time_id='louisiana',state_call_time_state='LA',state_call_time_name='Louisiana 8am-8pm and Sunday',sct_default_start='800',sct_default_stop='2000',sct_sunday_start='2400',sct_sunday_stop='2400';
INSERT INTO osdial_state_call_times SET state_call_time_id='massachuse',state_call_time_state='MA',state_call_time_name='Massachusetts 8am-8pm',sct_default_start='800',sct_default_stop='2000';
INSERT INTO osdial_state_call_times SET state_call_time_id='mississipp',state_call_time_state='MS',state_call_time_name='Mississippi 8am-8pm and Sunday',sct_default_start='800',sct_default_stop='2000',sct_sunday_start='2400',sct_sunday_stop='2400';
INSERT INTO osdial_state_call_times SET state_call_time_id='nebraska',state_call_time_state='NE',state_call_time_name='Nebraska 8am',sct_default_start='800',sct_default_stop='2100';
INSERT INTO osdial_state_call_times SET state_call_time_id='nevada',state_call_time_state='NV',state_call_time_name='Nevada 8pm restriction',sct_default_start='900',sct_default_stop='2000';
INSERT INTO osdial_state_call_times SET state_call_time_id='pennsylvan',state_call_time_state='PA',state_call_time_name='Pennsylvania sunday restriction',sct_sunday_start='1330',sct_sunday_stop='2100';
INSERT INTO osdial_state_call_times SET state_call_time_id='rhodeislan',state_call_time_state='RI',state_call_time_name='Rhode Island restrictions',sct_default_start='900',sct_default_stop='1800',sct_sunday_start='2400',sct_sunday_stop='2400',sct_saturday_start='1000',sct_saturday_stop='1700';
INSERT INTO osdial_state_call_times SET state_call_time_id='sdakota',state_call_time_state='SD',state_call_time_name='South Dakota sunday restrict',sct_sunday_start='2400',sct_sunday_stop='2400';
INSERT INTO osdial_state_call_times SET state_call_time_id='tennessee',state_call_time_state='TN',state_call_time_name='Tennessee 8am',sct_default_start='800',sct_default_stop='2100';
INSERT INTO osdial_state_call_times SET state_call_time_id='texas',state_call_time_state='TX',state_call_time_name='Texas sunday restriction',sct_sunday_start='1200',sct_sunday_stop='2100';
INSERT INTO osdial_state_call_times SET state_call_time_id='utah',state_call_time_state='UT',state_call_time_name='Utah 8pm restriction',sct_default_start='900',sct_default_stop='2000';
INSERT INTO osdial_state_call_times SET state_call_time_id='washington',state_call_time_state='WA',state_call_time_name='Washington 8am',sct_default_start='800',sct_default_stop='2100';
INSERT INTO osdial_state_call_times SET state_call_time_id='wyoming',state_call_time_state='WY',state_call_time_name='Wyoming 8am-8pm',sct_default_start='800',sct_default_stop='2000';
